{
  "pair": "ETHUSDT",
  "pair_name": "ETH",
  "model_type": "ETH Simple Model",
  "features": [
    "returns",
    "sma_5",
    "sma_20",
    "rsi",
    "macd",
    "volatility"
  ],
  "threshold": 0.002,
  "prediction_periods": 3,
  "bias_score": 8.478260869565217,
  "avg_confidence": 0.41353246569633484,
  "final_distribution": {
    "SELL": 0.8478260869565217,
    "HOLD": 0.15217391304347827,
    "BUY": 0.0
  },
  "training_date": "2025-06-10T12:42:27.558875",
  "model_params": 275
}