{
  "pair": "BTCUSDT",
  "pair_name": "BTC",
  "model_type": "BTC Simple Model",
  "features": [
    "returns",
    "sma_5",
    "sma_20",
    "rsi",
    "macd",
    "volatility"
  ],
  "threshold": 0.0015,
  "prediction_periods": 4,
  "bias_score": 7.173913043478262,
  "avg_confidence": 0.4993276596069336,
  "final_distribution": {
    "SELL": 0.06521739130434782,
    "HOLD": 0.782608695652174,
    "BUY": 0.15217391304347827
  },
  "training_date": "2025-06-10T12:42:56.737398",
  "model_params": 275
}