{
  "training_history": {
    "loss": [
      1.5523436069488525,
      1.4589245319366455,
      1.6127716302871704,
      1.4755643606185913,
      1.4811023473739624,
      1.4695159196853638,
      1.4371789693832397,
      1.374698519706726,
      1.3994954824447632,
      1.4144022464752197,
      1.4276679754257202
    ],
    "accuracy": [
      0.32258063554763794,
      0.39516130089759827,
      0.2983871102333069,
      0.35483869910240173,
      0.2983871102333069,
      0.3145161271095276,
      0.3145161271095276,
      0.42741936445236206,
      0.3467741906642914,
      0.35483869910240173,
      0.3145161271095276
    ],
    "sparse_categorical_crossentropy": [
      1.5978189706802368,
      1.4962314367294312,
      1.648258090019226,
      1.4995676279067993,
      1.496670126914978,
      1.4812439680099487,
      1.4488558769226074,
      1.3952867984771729,
      1.4171404838562012,
      1.4342668056488037,
      1.4428800344467163
    ],
    "val_loss": [
      1.0994110107421875,
      1.0993839502334595,
      1.1020430326461792,
      1.1023002862930298,
      1.100977897644043,
      1.1010138988494873,
      1.1019517183303833,
      1.101644515991211,
      1.1015753746032715,
      1.1023606061935425,
      1.103520154953003
    ],
    "val_accuracy": [
      0.34375,
      0.34375,
      0.34375,
      0.34375,
      0.34375,
      0.34375,
      0.34375,
      0.34375,
      0.34375,
      0.34375,
      0.34375
    ],
    "val_sparse_categorical_crossentropy": [
      1.0994110107421875,
      1.0993839502334595,
      1.1020430326461792,
      1.1023002862930298,
      1.100977897644043,
      1.1010138988494873,
      1.1019517183303833,
      1.101644515991211,
      1.1015753746032715,
      1.1023606061935425,
      1.103520154953003
    ],
    "lr": [
      